{
  "batch_idx": 499.5,
  "si_sdr": 9.293013574642828,
  "si_sir": Infinity,
  "si_sar": 10.090486316465773,
  "pesq": 2.224772891938686,
  "stoi": 0.7277360575216666,
  "nfe": 24.0,
  "runtime": 2.57284604979679,
  "len_s": 8.38048112499999,
  "number": 1000
}